SG_UF;validos_1T_26;lula_1T_26;flavio_1T_26;share_lula_1T_26;share_flavio_1T_26;swing_lula;swing_bolso;ratio_validos_2T_1T;share_lula_2T_prev;share_flavio_2T_prev;validos_2T_26_est;v_lula_2T_prev;v_flavio_2T_prev;vantagem_lula_pct;vantagem_lula_votos
AC;469089;134770;302807;0,28730155684742126;0,6455214255716932;0,00437595107887262;0,07798195301645594;0,9283289145122552;0,2873157993820682;0,7126842006179317;435468,8821796393;125117,08998945873;310351,7921901805;-0,4253684012358635;-185234,70220072177
AL;1818929;995459;735718;0,5472775462923511;0,40447867948666494;0,021821248564673712;0,052732012422777474;0,9654573641252813;0,5545099233663433;0,44549007663365675;1756098,3978710338;973773,9880272251;782324,4098438086;0,10901984673268655;191449,5781834165
AM;2170845;1046996;976764;0,48229882833643123;0,4499464494240722;0,01520315792445498;0,061033449105529325;0,9562672973283104;0,49331772217628117;0,5066822778237188;2075908,081068676;1024082,246000134;1051825,8350685418;-0,013364555647437604;-27743,589068407775
AP;464875;212503;212278;0,4571185802635117;0,45663457918795375;0,02965674474039709;0,07946462437898205;0,9035174391025567;0,47588957531675846;0,5241104246832415;420022,669502801;199884,4098130992;220138,25968970184;-0,048220849366483076;-20253,849876602646
BA;8560542;5664771;2442585;0,6617304137985656;0,2853306484566047;0,02395508966106219;0,03568251248771889;1,003779528643449;0,6811228898029879;0,318877110197012;8592896,813692449;5852818,709521087;2740078,10417136;0,36224577960597587;3112740,605349727
CE;5617991;3555263;1756850;0,632835296460959;0,31271855010091687;0,040588826326384275;0,04654674122015612;1,002413586813977;0,652107123000531;0,34789287699946897;5631550,508998641;3672374,2004552796;1959176,308543361;0,304214246001062;1713197,8919119185
DF;1772865;675627;909616;0,3810933150578301;0,5130768558237655;0,043371153361808745;0,07159927342854056;1,0045677488901181;0,4206197524892614;0,5793802475107385;1780963,0021360794;749108,2171510097;1031854,7849850695;-0,15876049502147704;-282746,5678340598
ES;2251199;850028;1233194;0,3775890092346345;0,5477943087217079;0,015552966867501239;0,058171668790924835;0,9944991963550085;0,3934929901015698;0,6065070098984302;2238815,5963351987;880958,2432879665;1357857,3530472324;-0,2130140197968604;-476899,1097592659
GO;3827930;1188880;2051888;0,31058039201343807;0,5360307006658952;0,017717525085801766;0,06554896445953995;1,0145830373690503;0,3530549863497163;0,6469450136502837;3883752,846236109;1371178,3081135612;2512574,5381225473;-0,29389002730056735;-1141396,230008986
MA;4010784;2566301;1239040;0,6398502138235318;0,30892713245091236;0,022912454294228057;0,028475235454545278;0,991942395439022;0,6626533064512912;0,3373466935487088;3978466,688548502;2636344,105772984;1342122,5827755178;0,3253066129025824;1294221,5229974664
MG;11976796;5188936;5777548;0,43324909266217776;0,4823951247061401;0,01913473758608114;0,061985988993485674;1,0262666755321561;0,453852067124776;0,546147932875224;12291386,614446824;5578471,222796493;6712915,391650331;-0,09229586575044801;-1134444,168853838
MS;1490354;516855;873351;0,34680015620449905;0,5860023860103036;0,01466110351967409;0,06792742234216032;0,9821923053187515;0,35598231173025413;0,6440176882697458;1463814,2310010225;521091,97389538825;942722,2571056342;-0,2880353765394917;-421630,28321024595
MT;1993383;581681;1298581;0,2918059399523323;0,651445808457281;0,005285291421595728;0,05238180500531675;1,014449060387826;0,2968185012266906;0,7031814987733095;2022185,5113430659;600222,0726791779;1421963,4386638883;-0,40636299754661886;-821741,3659847104
PA;4863355;2427237;2163957;0,49908694717946767;0,4449514789687366;0,025307163458169524;0,04980775264324733;0,9792824089902085;0,5145389696511415;0,48546103034885857;4762598,0001745755;2450542,267872413;2312055,732302163;0,029077939302282974;138486,53557025036
PB;2513837;1541127;831377;0,6130576485269331;0,3307203291223735;0,02418411360713557;0,03751004352623588;0,9928838892541071;0,6337736672054085;0,36622633279459144;2495948,2575108767;1581866,2803176176;914081,9771932589;0,2675473344108171;667784,3031243586
PE;5601155;3553971;1738043;0,6345068115415481;0,31030082188405783;0,016655535679453215;0,031537524896932456;0,9977542223426263;0,6557521572282963;0,3442478427717037;5588576,051245513;3664720,801438639;1923855,2498068744;0,31150431445659255;1740865,5516317645
PI;2146446;1523710;517028;0,709875766732543;0,24087631368317675;0,026076776350125175;0,03236668784890567;0,9873125720876585;0,7292467223124831;0,2707532776875169;2119213,1211072663;1545429,2224490813;573783,898658185;0,4584934446249662;971645,3237908962
PR;6585511;2054597;3945345;0,311987482824036;0,599094739952602;0,01611398139361364;0,07139639662514874;1,0151039385609106;0,3285638847677319;0,6714361152322681;6684978,153536201;2196442,3917132737;4488535,761822928;-0,3428722304645362;-2292093,370109654
RJ;9370087;3693021;4966844;0,39412878450328154;0,5300744806318234;0,02792804648776953;0,05437232181285023;1,010937668696943;0,4193296645640014;0,5806703354359986;9472573,907267531;3972131,239092206;5500442,668175325;-0,16134067087199716;-1528311,4290831187
RN;2071961;1237963;720493;0,5974837364216797;0,34773482705514247;0,02116797982852836;0,03879124825507191;1,0153950850510944;0,6154649669386574;0,38453503306134257;2103859,0158175505;1294851,519613745;809007,4962038054;0,2309299338773148;485844,0234099395
RO;968125;250667;652988;0,25892007746933504;0,6744872821174952;0,003583217140286643;0,06304396183307026;0,9921449013822538;0,262494228436914;0,7375057715630859;960520,2826506944;252131,03049240058;708389,2521582937;-0,47501154312617194;-456258,22166589316
RR;325559;74420;231322;0,22859143811106436;0,710537874855249;0,008738113738612302;0,06506982207241374;0,9406003974943777;0,23429837547799143;0,7657016245220086;306220,9248078721;71747,0652198526;234473,85958801952;-0,5314032490440173;-162726,79436816694
RS;6423299;2294759;3573783;0,3572555162074815;0,5563781166033217;0,013668720635408638;0,07462276720565564;0,9980842911877394;0,3702115349713572;0,6297884650286427;6410993,829501916;2373423,866311804;4037569,9631901113;-0,2595769300572855;-1664146,0968783074
SC;4501081;1127168;3000020;0,2504216209395032;0,6665110003574697;0,011921832585237824;0,07059105594078763;1,0158310444000718;0,2624890010974205;0,7375109989025794;4572337,81315932;1200188,385256154;3372149,4279031656;-0,4750219978051589;-2171961,0426470116
SE;1364253;856019;417839;0,627463527659459;0,306276768312036;0,03381718562241143;0,036348984034528575;0,988913551113959;0,6587074950930967;0,3412925049069032;1349128,2788478718;888680,9091191425;460447,3697287292;0,31741499018619346;428233,53939041327
SP;24884303;9505413;12922023;0,38198429749067114;0,5192841045216335;0,038742122372763255;0,07531598896925468;1,003123400248843;0,4143754884066657;0,5856245115933343;24962026,638182484;10343651,979817066;14618374,658365417;-0,17124902318666857;-4274722,678548351
TO;930475;404009;469321;0,43419651253392083;0,5043886187162471;0,00959998138818452;0,046440223208748466;0,981962004752887;0,44619464026032823;0,5538053597396718;913691,0963724426;407684,0700549669;506007,0263174757;-0,10761071947934359;-98322,95626250881
ZZ;331005;157387;143900;0,47548224347064244;0,4347366353982568;0,04109433388457745;0,07109987713316301;1,01237246413717;0,5052523118737607;0,4947476881262392;335100,347491724;169310,22527989413;165790,12221182985;0,010504623747521535;3520,103068064287
